video,TP,FP,FN,TN,Precision,Recall,F1-score
abby_road_view.mp4,448,117,15,8,0.7929203539823009,0.9676025917926566,0.8715953307392997
street_view.mp4,516,41,27,11,0.926391382405745,0.9502762430939227,0.9381818181818182
superland_parking_view.mp4,395,22,27,0,0.947242206235012,0.9360189573459715,0.9415971394517283
Overall,1359,180,69,19,0.8830409356725146,0.9516806722689075,0.916076845298281
