video,TP,FP,FN,TN,Precision,Recall,F1-score
abby_road_view.mp4,385,177,10,22,0.685053,0.974684,0.804598
street_view.mp4,340,181,32,39,0.652591,0.913978,0.761478
superland_parking_view.mp4,371,31,40,4,0.922886,0.902676,0.912669
Overall,1096,389,82,65,0.738047,0.930390,0.823132
