video,Total Frames,Kept Frames,Reduction (%),Raw Size (MB),Cleaned Size (MB),Size Reduction (%)
abby_road_view.mp4,9915,521,94.74533535047908,119.035231590271,3.3225746154785156,97.2087468801547
street_view.mp4,9139,1294,85.84090163037533,57.851837158203125,13.528604507446289,76.61508229989202
superland_parking_view.mp4,16971,2879,83.03576689647045,134.35567569732666,18.97770595550537,85.87502473787715
